<?xml version="1.0" encoding="UTF-8"?>
<Configuration>
  <Applications/>
  <Documents/>
  <WindowsComponents>
    <component displayname="WindowsSearchEngine-DL" migrate="yes" ID="http://www.microsoft.com/migration/1.0/migxmlext/cmi/windowssearchengine-dl/windowssearchengine-dl/settings"/>
    <component displayname="Microsoft-Windows-themeui-DL" migrate="yes" ID="http://www.microsoft.com/migration/1.0/migxmlext/cmi/microsoft-windows-themeui-dl/microsoft-windows-themeui-dl/settings"/>
    <component displayname="Tablet PC Settings" migrate="yes" ID="tablet_pc_settings">
      <component displayname="General Options" migrate="yes" ID="tablet_pc_settings\tablet_pc_general_options">
        <component displayname="Microsoft-Windows-TabletPC-Platform-Input-Core-DL" migrate="yes" ID="http://www.microsoft.com/migration/1.0/migxmlext/cmi/microsoft-windows-tabletpc-platform-input-core-dl/microsoft-windows-tabletpc-platform-input-core-dl/settings"/>
      </component>
      <component displayname="Accessories" migrate="yes" ID="tablet_pc_settings\tablet_pc_accessories">
        <component displayname="Microsoft-Windows-TabletPC-Journal-DL" migrate="yes" ID="http://www.microsoft.com/migration/1.0/migxmlext/cmi/microsoft-windows-tabletpc-journal-dl/microsoft-windows-tabletpc-journal-dl/settings"/>
      </component>
      <component displayname="Input Panel" migrate="yes" ID="tablet_pc_settings\tablet_pc_input_panel">
        <component displayname="Microsoft-Windows-TabletPC-InputPanel-DL" migrate="yes" ID="http://www.microsoft.com/migration/1.0/migxmlext/cmi/microsoft-windows-tabletpc-inputpanel-dl/microsoft-windows-tabletpc-inputpanel-dl/settings"/>
      </component>
    </component>
    <component displayname="Microsoft-Windows-RasmanService-DL" migrate="yes" ID="http://www.microsoft.com/migration/1.0/migxmlext/cmi/microsoft-windows-rasmanservice-dl/microsoft-windows-rasmanservice-dl/settings"/>
    <component displayname="Hardware" migrate="yes" ID="hardware">
      <component displayname="Printers and Faxes" migrate="yes" ID="hardware\printers_and_faxes">
        <component displayname="Microsoft-Windows-Printing-Spooler-Networkclient-DL" migrate="yes" ID="http://www.microsoft.com/migration/1.0/migxmlext/cmi/microsoft-windows-printing-spooler-networkclient-dl/microsoft-windows-printing-spooler-networkclient-dl/settings"/>
        <component displayname="Microsoft-Windows-Printing-Spooler-Core-DL" migrate="yes" ID="http://www.microsoft.com/migration/1.0/migxmlext/cmi/microsoft-windows-printing-spooler-core-dl/microsoft-windows-printing-spooler-core-dl/settings"/>
      </component>
      <component displayname="Phone and Modem" migrate="yes" ID="hardware\phone_and_modem">
        <component displayname="Microsoft-Windows-TapiSetup-DL" migrate="yes" ID="http://www.microsoft.com/migration/1.0/migxmlext/cmi/microsoft-windows-tapisetup-dl/microsoft-windows-tapisetup-dl/settings"/>
      </component>
    </component>
    <component displayname="Network and Internet" migrate="yes" ID="network_and_internet">
      <component displayname="Internet Options" migrate="yes" ID="network_and_internet\internet_options">
        <component displayname="Microsoft-Windows-IE-InternetExplorer-DL" migrate="yes" ID="http://www.microsoft.com/migration/1.0/migxmlext/cmi/microsoft-windows-ie-internetexplorer-dl/microsoft-windows-ie-internetexplorer-dl/settings"/>
        <component displayname="Microsoft-Windows-IE-Feeds-Platform-DL" migrate="yes" ID="http://www.microsoft.com/migration/1.0/migxmlext/cmi/microsoft-windows-ie-feeds-platform-dl/microsoft-windows-ie-feeds-platform-dl/settings"/>
        <component displayname="Microsoft-Windows-IE-ClientNetworkProtocolImplementation-DL" migrate="yes" ID="http://www.microsoft.com/migration/1.0/migxmlext/cmi/microsoft-windows-ie-clientnetworkprotocolimplementation-dl/microsoft-windows-ie-clientnetworkprotocolimplementation-dl/settings"/>
      </component>
      <component displayname="Networking Connections" migrate="yes" ID="network_and_internet\networking_connections">
        <component displayname="Microsoft-Windows-RasConnectionManager-DL" migrate="yes" ID="http://www.microsoft.com/migration/1.0/migxmlext/cmi/microsoft-windows-rasconnectionmanager-dl/microsoft-windows-rasconnectionmanager-dl/settings"/>
        <component displayname="Microsoft-Windows-WlanSvc-DL" migrate="yes" ID="http://www.microsoft.com/migration/1.0/migxmlext/cmi/microsoft-windows-wlansvc-dl/microsoft-windows-wlansvc-dl/settings"/>
        <component displayname="Microsoft-Windows-Dot3svc-DL" migrate="yes" ID="http://www.microsoft.com/migration/1.0/migxmlext/cmi/microsoft-windows-dot3svc-dl/microsoft-windows-dot3svc-dl/settings"/>
        <component displayname="Microsoft-Windows-MPR-DL" migrate="yes" ID="http://www.microsoft.com/migration/1.0/migxmlext/cmi/microsoft-windows-mpr-dl/microsoft-windows-mpr-dl/settings"/>
      </component>
    </component>
    <component displayname="Microsoft-Windows-International-TimeZones-DL" migrate="yes" ID="http://www.microsoft.com/migration/1.0/migxmlext/cmi/microsoft-windows-international-timezones-dl/microsoft-windows-international-timezones-dl/settings"/>
    <component displayname="Date, Time, Language and Region" migrate="yes" ID="date_time_language_and_region">
      <component displayname="Regional Language Options" migrate="yes" ID="date_time_language_and_region\regional_language_options">
        <component displayname="Microsoft-Windows-TextServicesFramework-Migration-DL" migrate="yes" ID="http://www.microsoft.com/migration/1.0/migxmlext/cmi/microsoft-windows-textservicesframework-migration-dl/microsoft-windows-textservicesframework-migration-dl/settings"/>
        <component displayname="Microsoft-Windows-MUI-Settings-DL" migrate="yes" ID="http://www.microsoft.com/migration/1.0/migxmlext/cmi/microsoft-windows-mui-settings-dl/microsoft-windows-mui-settings-dl/settings"/>
        <component displayname="Microsoft-Windows-International-Core-DL" migrate="yes" ID="http://www.microsoft.com/migration/1.0/migxmlext/cmi/microsoft-windows-international-core-dl/microsoft-windows-international-core-dl/settings"/>
      </component>
    </component>
    <component displayname="Microsoft-Windows-Extensible-Authentication-Protocol-Host-Service-DL" migrate="yes" ID="http://www.microsoft.com/migration/1.0/migxmlext/cmi/microsoft-windows-extensible-authentication-protocol-host-service-dl/microsoft-windows-extensible-authentication-protocol-host-service-dl/settings"/>
    <component displayname="Microsoft-Windows-eudcedit-DL" migrate="yes" ID="http://www.microsoft.com/migration/1.0/migxmlext/cmi/microsoft-windows-eudcedit-dl/microsoft-windows-eudcedit-dl/settings"/>
    <component displayname="Security" migrate="yes" ID="security">
      <component displayname="Security Options" migrate="yes" ID="security\security_options">
        <component displayname="Microsoft-Windows-Credential-Manager-DL" migrate="yes" ID="http://www.microsoft.com/migration/1.0/migxmlext/cmi/microsoft-windows-credential-manager-dl/microsoft-windows-credential-manager-dl/settings"/>
      </component>
    </component>
    <component displayname="Additional Options" migrate="yes" ID="additional_options">
      <component displayname="Windows Core Settings" migrate="yes" ID="additional_options\windows_core_settings">
        <component displayname="Microsoft-Windows-Win32k-Settings-DL" migrate="yes" ID="http://www.microsoft.com/migration/1.0/migxmlext/cmi/microsoft-windows-win32k-settings-dl/microsoft-windows-win32k-settings-dl/settings"/>
        <component displayname="Microsoft-Windows-Web-Services-for-Management-Core-DL" migrate="yes" ID="http://www.microsoft.com/migration/1.0/migxmlext/cmi/microsoft-windows-web-services-for-management-core-dl/microsoft-windows-web-services-for-management-core-dl/settings"/>
        <component displayname="Microsoft-Windows-RPC-Remote-DL" migrate="yes" ID="http://www.microsoft.com/migration/1.0/migxmlext/cmi/microsoft-windows-rpc-remote-dl/microsoft-windows-rpc-remote-dl/settings"/>
        <component displayname="Microsoft-Windows-RPC-Local-DL" migrate="yes" ID="http://www.microsoft.com/migration/1.0/migxmlext/cmi/microsoft-windows-rpc-local-dl/microsoft-windows-rpc-local-dl/settings"/>
        <component displayname="Microsoft-Windows-RPC-HTTP-DL" migrate="yes" ID="http://www.microsoft.com/migration/1.0/migxmlext/cmi/microsoft-windows-rpc-http-dl/microsoft-windows-rpc-http-dl/settings"/>
        <component displayname="Microsoft-Windows-RasApi-DL" migrate="yes" ID="http://www.microsoft.com/migration/1.0/migxmlext/cmi/microsoft-windows-rasapi-dl/microsoft-windows-rasapi-dl/settings"/>
        <component displayname="Microsoft-Windows-Microsoft-Data-Access-Components-(MDAC)-ODBC-DriverManager-Dll-DL" migrate="yes" ID="http://www.microsoft.com/migration/1.0/migxmlext/cmi/microsoft-windows-microsoft-data-access-components-(mdac)-odbc-drivermanager-dll-dl/microsoft-windows-microsoft-data-access-components-(mdac)-odbc-drivermanager-dll-dl/settings"/>
        <component displayname="Microsoft-Windows-COM-ComPlus-Setup-DL" migrate="yes" ID="http://www.microsoft.com/migration/1.0/migxmlext/cmi/microsoft-windows-com-complus-setup-dl/microsoft-windows-com-complus-setup-dl/settings"/>
        <component displayname="Microsoft-Windows-COM-Base-DL" migrate="yes" ID="http://www.microsoft.com/migration/1.0/migxmlext/cmi/microsoft-windows-com-base-dl/microsoft-windows-com-base-dl/settings"/>
        <component displayname="Microsoft-Windows-ICM-Profiles-DL" migrate="yes" ID="http://www.microsoft.com/migration/1.0/migxmlext/cmi/microsoft-windows-icm-profiles-dl/microsoft-windows-icm-profiles-dl/settings"/>
        <component displayname="Microsoft-Windows-feclient-DL" migrate="yes" ID="http://www.microsoft.com/migration/1.0/migxmlext/cmi/microsoft-windows-feclient-dl/microsoft-windows-feclient-dl/settings"/>
        <component displayname="Microsoft-Windows-dpapi-keys-DL" migrate="yes" ID="http://www.microsoft.com/migration/1.0/migxmlext/cmi/microsoft-windows-dpapi-keys-dl/microsoft-windows-dpapi-keys-dl/settings"/>
        <component displayname="Microsoft-Windows-Crypto-keys-DL" migrate="yes" ID="http://www.microsoft.com/migration/1.0/migxmlext/cmi/microsoft-windows-crypto-keys-dl/microsoft-windows-crypto-keys-dl/settings"/>
        <component displayname="Microsoft-Windows-CAPI2-certs-DL" migrate="yes" ID="http://www.microsoft.com/migration/1.0/migxmlext/cmi/microsoft-windows-capi2-certs-dl/microsoft-windows-capi2-certs-dl/settings"/>
      </component>
    </component>
    <component displayname="Accessibility" migrate="yes" ID="accessibility">
      <component displayname="Accessibility Settings" migrate="yes" ID="accessibility\accessibility_settings">
        <component displayname="Microsoft-Windows-accessibilitycpl-DL" migrate="yes" ID="http://www.microsoft.com/migration/1.0/migxmlext/cmi/microsoft-windows-accessibilitycpl-dl/microsoft-windows-accessibilitycpl-dl/settings"/>
      </component>
    </component>
  </WindowsComponents>
  <Policies>
    <ErrorControl>
      <!--   Example:

          <fileError>
            <nonFatal errorCode="33">* [*]</nonFatal>
            <fatal errorCode="any">C:\Users\* [*]</fatal>
          </fileError>
          <registryError>
            <nonFatal errorCode="5">* [*]</nonFatal>
          </registryError>
      -->
    </ErrorControl>
    <HardLinkStoreControl>
      <!--   Example:

          <fileLocked>
            <createHardLink>c:\Users\* [*]</createHardLink>
            <errorHardLink>C:\* [*]</errorHardLink>
          </fileLocked>
      -->
    </HardLinkStoreControl>
  </Policies>
  <ProfileControl>
    <!--   Example (local group mapping):

          <localGroups>
            <mappings>
              <changeGroup from="Administrators" to="Users" appliesTo="MigratedUsers">
                <include>
                  <pattern>DomainName1\Username</pattern>
                </include>
                <exclude>
                  <pattern>DomainName2\Username</pattern>
                </exclude>
              </changeGroup>
            </mappings>
          </localGroups>
          
      -->
    <!--   Example (domain and user mapping):

          <domains>
            <domain from="Domain1" to="Domain2"/>
          </domains>
          
          <users>
            <user from="Domain1\User1" to="Domain2\User2"/>
          </users>
          
      -->
  </ProfileControl>
</Configuration>
